﻿<parameters>
  <parameter name="IIS Web Application Name" defaultValue="default web site/Consultant2017" tags="IisApp">
    <parameterEntry kind="ProviderPath" scope="IisApp" match="^D:\\tfsApplications\\AHTD\.ConsultantContracts\\ConsultantContractInvoices-branch\\ConsultantContractsInternal\\obj\\Release\\Package\\PackageTmp$" />
    <parameterEntry kind="ProviderPath" scope="setAcl" match="^D:\\tfsApplications\\AHTD\.ConsultantContracts\\ConsultantContractInvoices-branch\\ConsultantContractsInternal\\obj\\Release\\Package\\PackageTmp$" />
  </parameter>
  <parameter name="AHTD_UserProvEntities-Web.config Connection String" defaultValue="metadata=res://*/Models.UserProv.csdl|res://*/Models.UserProv.ssdl|res://*/Models.UserProv.msl;provider=System.Data.SqlClient;provider connection string=&quot;data source=dbdev2012\devsql2012;initial catalog=AHTD_UserProv;integrated security=True;MultipleActiveResultSets=True;App=EntityFramework&quot;">
    <parameterEntry kind="XmlFile" scope="D:\\tfsApplications\\AHTD\.ConsultantContracts\\ConsultantContractInvoices-branch\\ConsultantContractsInternal\\obj\\Release\\Package\\PackageTmp\\Web\.config$" match="/configuration/connectionStrings/add[@name='AHTD_UserProvEntities']/@connectionString" />
  </parameter>
  <parameter name="ArDOT_UserProvEntities-Web.config Connection String" defaultValue="metadata=res://*/Models.ArDOTUserProvEntities.csdl|res://*/Models.ArDOTUserProvEntities.ssdl|res://*/Models.ArDOTUserProvEntities.msl;provider=System.Data.SqlClient;provider connection string=&quot;data source=dbdev2012\devsql2012;initial catalog=ArDOT_UserProv;integrated security=True;MultipleActiveResultSets=True;App=EntityFramework&quot;">
    <parameterEntry kind="XmlFile" scope="D:\\tfsApplications\\AHTD\.ConsultantContracts\\ConsultantContractInvoices-branch\\ConsultantContractsInternal\\obj\\Release\\Package\\PackageTmp\\Web\.config$" match="/configuration/connectionStrings/add[@name='ArDOT_UserProvEntities']/@connectionString" />
  </parameter>
  <parameter name="ArDOT_UserProvEntities1-Web.config Connection String" defaultValue="metadata=res://*/Models.ArDOT_UserProvEntities.csdl|res://*/Models.ArDOT_UserProvEntities.ssdl|res://*/Models.ArDOT_UserProvEntities.msl;provider=System.Data.SqlClient;provider connection string=&quot;data source=dbdev2012\devsql2012;initial catalog=ArDOT_UserProv;integrated security=True;multipleactiveresultsets=True;application name=EntityFramework&quot;">
    <parameterEntry kind="XmlFile" scope="D:\\tfsApplications\\AHTD\.ConsultantContracts\\ConsultantContractInvoices-branch\\ConsultantContractsInternal\\obj\\Release\\Package\\PackageTmp\\Web\.config$" match="/configuration/connectionStrings/add[@name='ArDOT_UserProvEntities1']/@connectionString" />
  </parameter>
  <parameter name="ConsultantContractsEntities-Web.config Connection String" defaultValue="metadata=res://*/Models.ConsultantContractsEntities.csdl|res://*/Models.ConsultantContractsEntities.ssdl|res://*/Models.ConsultantContractsEntities.msl;provider=System.Data.SqlClient;provider connection string=&quot;data source=dbdev2012\devsql2012;initial catalog=AHTD_ConsultantContracts;integrated security=True;MultipleActiveResultSets=True;App=EntityFramework&quot;">
    <parameterEntry kind="XmlFile" scope="D:\\tfsApplications\\AHTD\.ConsultantContracts\\ConsultantContractInvoices-branch\\ConsultantContractsInternal\\obj\\Release\\Package\\PackageTmp\\Web\.config$" match="/configuration/connectionStrings/add[@name='ConsultantContractsEntities']/@connectionString" />
  </parameter>
  <parameter name="FiscalSer_VendorMasterEntities-Web.config Connection String" defaultValue="metadata=res://*/Models.VendorMasterEntities.csdl|res://*/Models.VendorMasterEntities.ssdl|res://*/Models.VendorMasterEntities.msl;provider=System.Data.SqlClient;provider connection string=&quot;data source=dbdev2012\devsql2012;initial catalog=VendorMaster;integrated security=True;MultipleActiveResultSets=True;App=EntityFramework&quot;">
    <parameterEntry kind="XmlFile" scope="D:\\tfsApplications\\AHTD\.ConsultantContracts\\ConsultantContractInvoices-branch\\ConsultantContractsInternal\\obj\\Release\\Package\\PackageTmp\\Web\.config$" match="/configuration/connectionStrings/add[@name='FiscalSer_VendorMasterEntities']/@connectionString" />
  </parameter>
  <parameter name="ProgCon_AllotmentsEntities-Web.config Connection String" defaultValue="metadata=res://*/Models.JobAllotments.csdl|res://*/Models.JobAllotments.ssdl|res://*/Models.JobAllotments.msl;provider=System.Data.SqlClient;provider connection string=&quot;data source=dbdev2012\devsql2012;initial catalog=ProgCon_Allotments;integrated security=True;MultipleActiveResultSets=True;App=EntityFramework&quot;">
    <parameterEntry kind="XmlFile" scope="D:\\tfsApplications\\AHTD\.ConsultantContracts\\ConsultantContractInvoices-branch\\ConsultantContractsInternal\\obj\\Release\\Package\\PackageTmp\\Web\.config$" match="/configuration/connectionStrings/add[@name='ProgCon_AllotmentsEntities']/@connectionString" />
  </parameter>
</parameters>